pid,pname,pcategory,purchaseprice,saleprice,pstock,pdescription,pimage,profit,barcode,status,sold,withdraw,stockup,stockout,supplier,stkprice,wholeprice,last_update,last_wupdate,expiry_date,is_promo
1,Insta360 One X3,INSTA360,1155,1469,2,"","",314,DCP-1,"",23,"0","0","0",8,"0","0","","","","0"
2,Insta360 X4,INSTA360,1700,2499,2,"","",799,DCP-2,"",97,"0","0","0",8,"0","0","","","","0"
3,Insta360 Ace Pro,INSTA360,1190,1599,4,"","",409,DCP-3,"",24,"0","0","0",8,"0","0","","","","0"
4,Insta360 Ace,INSTA360,800,999,1,"","",199,DCP-4,"",3,"0","0","0",8,"0","0","","","","0"
5,Insta360 Go 3S Arctic White (64GB),INSTA360,1600,1969,"0","","",369,DCP-5,"",6,"0","0","0",8,"0","0","","","","0"
6,Insta360 Go 3S Arctic White (128GB),INSTA360,1700,2099,3,"","",399,DCP-6,"",25,"0","0","0",8,"0","0","","","","0"
7,Insta360 Go 3S Midnight Black (64GB),INSTA360,1600,1969,"0","","",369,DCP-7,"",5,"0","0","0",8,"0","0","","","","0"
8,Insta360 Go 3S Midnight Black (128GB),INSTA360,1700,2099,6,"","",399,DCP-8,"",26,"0","0","0",8,"0","0","","","","0"
9,Insta360 Flow Pro,INSTA360,567,699,"0","","",132,DCP-9,"",5,"0","0","0",8,"0","0","","","","0"
10,Insta360 Bullet Time Bundle,INSTA360 ACCESSORIES,180,299,2,"","",119,DCP-10,"",19,"0","0","0",8,"0","0","","","","0"
11,Insta360 114cm Invisible Selfie Stick,INSTA360 ACCESSORIES,80,139,19,"","",59,DCP-11,"",44,"0","0","0",8,"0","0","","","","0"
12,Insta360 Mini 2-in-1 Tripod,INSTA360 ACCESSORIES,105,169,1,"","",64,DCP-12,"",8,"0","0","0",8,"0","0","","","","0"
13,Insta360 Power Selfie Stick*,INSTA360 ACCESSORIES,160,359,2,"","",199,DCP-13,"",8,"0","0","0",8,"0","0","","","","0"
14,Insta360 Floating Hand Grip (New Version)*,INSTA360 ACCESSORIES,31,59,2,"","",28,DCP-14,"",26,"0","0","0",8,"0","0","","","","0"
15,Insta360 Extended Edition Selfie Stick (New Version),INSTA360 ACCESSORIES,340,499,"0","","",159,DCP-15,"","0","0","0","0",8,"0","0","","","","0"
16,Insta360 GPS Action Remote*,INSTA360 ACCESSORIES,210,349,2,"","",139,DCP-16,"",2,"0","0","0",8,"0","0","","","","0"
17,Insta360 Bullet Time Cord*,INSTA360 ACCESSORIES,55,89,2,"","",34,DCP-17,"",1,"0","0","0",8,"0","0","","","","0"
18,Insta360 BIke Bundle (New Version),INSTA360 ACCESSORIES,190,279,3,"","",89,DCP-18,"",1,"0","0","0",8,"0","0","","","","0"
19,Insta360 Third-Person Bike Tail Mount,INSTA360 ACCESSORIES,165,239,"0","","",74,DCP-19,"","0","0","0","0",8,"0","0","","","","0"
20,Insta360 X Series Carry Case,INSTA360 ACCESSORIES,70,99,2,"","",29,DCP-20,"",3,"0","0","0",8,"0","0","","","","0"
21,Insta360 Go 3/3S Carry Case,INSTA360 ACCESSORIES,70,99,"0","","",29,DCP-21,"",16,"0","0","0",8,"0","0","","","","0"
22,Insta360 x3 Invisible Dive Case*,INSTA360 ACCESSORIES,310,499,2,"","",189,DCP-22,"",2,"0","0","0",8,"0","0","","","","0"
23,Insta360 x SmallRig X3 Utility Frame,INSTA360 ACCESSORIES,180,299,1,"","",119,DCP-23,"","0","0","0","0",8,"0","0","","","","0"
24,Insta360 x SmallRig One X2 Utility Frame,INSTA360 ACCESSORIES,130,299,1,"","",169,DCP-24,"","0","0","0","0",8,"0","0","","","","0"
25,Insta360 X3 Battery,INSTA360 ACCESSORIES,125,199,"0","","",74,DCP-25,"",3,"0","0","0",8,"0","0","","","","0"
26,Insta360 X3 Fast Charge Hub,INSTA360 ACCESSORIES,172,259,4,"","",87,DCP-26,"",3,"0","0","0",8,"0","0","","","","0"
27,Insta360 One X2 Battery,INSTA360 ACCESSORIES,120,189,1,"","",69,DCP-27,"","0","0","0","0",8,"0","0","","","","0"
28,Insta360 One X2 Fast Charge Hub,INSTA360 ACCESSORIES,165,219,1,"","",54,DCP-28,"","0","0","0","0",8,"0","0","","","","0"
29,Insta360 Bullet Time Tripod,INSTA360 ACCESSORIES,138,169,"0","","",31,DCP-29,"",2,"0","0","0",8,"0","0","","","","0"
30,Insta360 One RS Battery Base,INSTA360 ACCESSORIES,68,149,"0","","",81,DCP-30,"",2,"0","0","0",8,"0","0","","","","0"
31,Insta360 One RS Fast Charge Hub,INSTA360 ACCESSORIES,135,199,1,"","",64,DCP-31,"","0","0","0","0",8,"0","0","","","","0"
32,Insta360 X3 Sticky Lens Guard,INSTA360 ACCESSORIES,70,99,"0","","",29,DCP-32,"",6,"0","0","0",8,"0","0","","","","0"
33,Insta360 One X2 Lens Guard,INSTA360 ACCESSORIES,70,99,2,"","",29,DCP-33,"",4,"0","0","0",8,"0","0","","","","0"
34,Insta360 One RS Sticky Lens Guard,INSTA360 ACCESSORIES,66,89,1,"","",23,DCP-34,"",1,"0","0","0",8,"0","0","","","","0"
35,Insta360 Quick Reader (Horizontal Version) for One R/RS,INSTA360 ACCESSORIES,185,299,"0","","",114,DCP-35,"","0","0","0","0",8,"0","0","","","","0"
36,Insta360 X3 Quick Reader,INSTA360 ACCESSORIES,208,299,"0","","",91,DCP-36,"","0","0","0","0",8,"0","0","","","","0"
37,Insta360 X3 Mic Adapter,INSTA360 ACCESSORIES,50,99,2,"","",49,DCP-37,"","0","0","0","0",8,"0","0","","","","0"
38,Insta360 X3 Lens Cap,INSTA360 ACCESSORIES,24,39,"0","","",15,DCP-38,"",11,"0","0","0",8,"0","0","","","","0"
39,Insta360 One X2 Lens Cap,INSTA360 ACCESSORIES,18,29,2,"","",11,DCP-39,"","0","0","0","0",8,"0","0","","","","0"
40,Insta360 Flow Spotlight,INSTA360 ACCESSORIES,86,119,"0","","",33,DCP-40,"",2,"0","0","0",8,"0","0","","","","0"
41,Insta360 X3 Screen Protector,INSTA360 ACCESSORIES,52,89,4,"","",37,DCP-41,"",10,"0","0","0",8,"0","0","","","","0"
42,Insta360 Go 3/3S Screen Protector,INSTA360 ACCESSORIES,35,49,8,"","",14,DCP-42,"",27,"0","0","0",8,"0","0","","","","0"
43,Insta360 Go 3/3S Quick Release Mount,INSTA360 ACCESSORIES,104,179,4,"","",75,DCP-43,"",2,"0","0","0",8,"0","0","","","","0"
44,Insta360 Go 3 Lens Guard*,INSTA360 ACCESSORIES,"0",50,4,"","",50,DCP-44,"",1,"0","0","0",8,"0","0","","","","0"
45,Insta360 Go 3/3S Magnet Pendant,INSTA360 ACCESSORIES,50,79,2,"","",29,DCP-45,"","0","0","0","0",8,"0","0","","","","0"
46,Insta360 X3 Horizontal Action Mount,INSTA360 ACCESSORIES,84,139,1,"","",55,DCP-46,"","0","0","0","0",8,"0","0","","","","0"
47,Insta360 Monkey Tail Mount,INSTA360 ACCESSORIES,70,149,5,"","",79,DCP-47,"",1,"0","0","0",8,"0","0","","","","0"
48,Insta360 Vibration Damper,INSTA360 ACCESSORIES,208,299,2,"","",91,DCP-48,"","0","0","0","0",8,"0","0","","","","0"
49,SanDisk Extreme Memory Card (64GB),SANDISK,29,65,1,"","",36,DCP-49,"",54,"0","0","0",6,"0","0","","","","0"
50,SanDisk Extreme Memory Card (128GB),SANDISK,56,95,1,"","",39,DCP-50,"",87,"0","0","0",6,"0","0","","","","0"
51,SanDisk Extreme Memory Card (256GB),SANDISK,99,160,9,"","",61,DCP-51,"",22,"0","0","0",6,"0","0","","","","0"
52,Cancel ,INSTA360 ACCESSORIES,"0","0",-439,"","","0",DCP-52,"",487,"0","0","0",6,"0","0","","","","0"
53,SanDisk Extreme Memory Card (128GB)*,SANDISK,50,95,2,"","",45,DCP-53,"",19,"0","0","0",8,"0","0","","","","0"
54,Insta360 All-Purpose Tripod,INSTA360 ACCESSORIES,122,179,"0","","",57,DCP-54,"",7,"0","0","0",8,"0","0","","","","0"
55,Delivery Fee,DELIVERY,"0","0",998,"","","0",DCP-55,"",1,"0","0","0",8,"0","0","","","","0"
56,Cancel order,DELIVERY,"0","0",996,"","","0",DCP-56,"","0","0","0","0",8,"0","0","","","","0"
57,Insta360 Multi Mount,INSTA360 ACCESSORIES,160,229,4,"","",69,DCP-57,"","0","0","0","0",8,"0","0","","","","0"
58,Insta360 Flexible Adhesive Mount,INSTA360 ACCESSORIES,70,99,1,"","",29,DCP-58,"",4,"0","0","0",8,"0","0","","","","0"
59,Insta360 Go 3/3S Pivot Stand,INSTA360 ACCESSORIES,104,169,1,"","",65,DCP-59,"",1,"0","0","0",8,"0","0","","","","0"
60,Insta360 Motorcycle Bundle (New Version),INSTA360 ACCESSORIES,172,259,7,"","",87,DCP-60,"",34,"0","0","0",8,"0","0","","","","0"
61,Insta360 Action Invisible Selfie Stick,INSTA360 ACCESSORIES,172,269,4,"","",97,DCP-61,"",6,"0","0","0",8,"0","0","","","","0"
62,Insta360 GO 3 Easy Clip,INSTA360 ACCESSORIES,34,50,"0","","",16,DCP-62,"","0","0","0","0",8,"0","0","","","","0"
63,Insta360 X3 Water Sports Rope Mount,INSTA360 ACCESSORIES,208,299,1,"","",91,DCP-63,"","0","0","0","0",8,"0","0","","","","0"
64,Insta360 Suction Cup Car Mount*,INSTA360 ACCESSORIES,100,199,3,"","",99,DCP-64,"",5,"0","0","0",8,"0","0","","","","0"
65,Insta360 GPS Preview Remote,INSTA360 ACCESSORIES,510,739,1,"","",229,DCP-65,"","0","0","0","0",8,"0","0","","","","0"
66,Insta360 Ace/Ace Pro/Ace Pro 2 Carry Case,INSTA360 ACCESSORIES,70,99,4,"","",29,DCP-66,"",2,"0","0","0",8,"0","0","","","","0"
67,Insta360 Ace/Ace Pro/Ace Pro 2 Standard Mount,INSTA360 ACCESSORIES,52,89,"0","","",37,DCP-67,"",2,"0","0","0",8,"0","0","","","","0"
68,Insta360 Ace/Ace Pro Mic Adapter,INSTA360 ACCESSORIES,70,99,"0","","",29,DCP-68,"","0","0","0","0",8,"0","0","","","","0"
69,Insta360 Ace/Ace Pro Cold Shoe,INSTA360 ACCESSORIES,70,99,"0","","",29,DCP-69,"","0","0","0","0",8,"0","0","","","","0"
70,Insta360 Ace/Ace Pro/AcePro2 Vertical-Horizontal Mount,INSTA360 ACCESSORIES,70,99,3,"","",29,DCP-70,"",5,"0","0","0",8,"0","0","","","","0"
71,Insta360 Ace/Ace Pro Fast Charge Hub,INSTA360 ACCESSORIES,172,259,6,"","",87,DCP-71,"",3,"0","0","0",8,"0","0","","","","0"
72,3-Prong to 1/4,INSTA360 ACCESSORIES,13,29,"0","","",16,DCP-72,"",19,"0","0","0",8,"0","0","","","","0"
73,Insta360 Ace Pro / Ace Pro 2 Screen Protector,INSTA360 ACCESSORIES,35,99,8,"","",64,DCP-73,"",40,"0","0","0",8,"0","0","","","","0"
74,Insta360 Ace/Ace Pro Float Guard,INSTA360 ACCESSORIES,70,99,"0","","",29,DCP-74,"",3,"0","0","0",8,"0","0","","","","0"
75,Insta360 Ace Pro Usb Cover*,INSTA360 ACCESSORIES,30,39,1,"","",9,DCP-75,"","0","0","0","0",8,"0","0","","","","0"
76,Insta360 Quick Release Mount (New Version),INSTA360 ACCESSORIES,138,199,"0","","",61,DCP-76,"","0","0","0","0",8,"0","0","","","","0"
77,Insta360 Ace/Ace Pro Battery,INSTA360 ACCESSORIES,125,199,3,"","",74,DCP-77,"",6,"0","0","0",8,"0","0","","","","0"
78,Insta360 114cm Invisible Selfie Stick Gold Edition,INSTA360 ACCESSORIES,80,149,1,"","",69,DCP-78,"",1,"0","0","0",8,"0","0","","","","0"
79,Insta360 Ace/Ace Pro/Ace Pro 2 Quick Reader,INSTA360 ACCESSORIES,240,359,3,"","",119,DCP-79,"","0","0","0","0",8,"0","0","","","","0"
80,Insta360 Ace Pro Dive Case*,INSTA360 ACCESSORIES,182,299,"0","","",117,DCP-80,"",8,"0","0","0",8,"0","0","","","","0"
81,Insta360 Memory Card (256GB),INSTA360 ACCESSORIES,120,199,2,"","",79,DCP-81,"",3,"0","0","0",8,"0","0","","","","0"
82,Insta360 Memory Card (512GB),INSTA360 ACCESSORIES,224,299,"0","","",75,DCP-82,"",5,"0","0","0",8,"0","0","","","","0"
83,Insta360 Enhanced Waist Strap,INSTA360 ACCESSORIES,450,649,1,"","",199,DCP-83,"",1,"0","0","0",8,"0","0","","","","0"
84,Insta360 Chest Strap,INSTA360 ACCESSORIES,70,99,5,"","",29,DCP-84,"",12,"0","0","0",8,"0","0","","","","0"
85,Insta360 Helmet Chin Mount*,INSTA360 ACCESSORIES,60,129,2,"","",69,DCP-85,"",4,"0","0","0",8,"0","0","","","","0"
86,Insta360 Magnetic Neck Holder Mount,INSTA360 ACCESSORIES,40,129,"0","","",89,DCP-86,"",9,"0","0","0",8,"0","0","","","","0"
87,Insta360 Head Strap,INSTA360 ACCESSORIES,70,99,6,"","",29,DCP-87,"",7,"0","0","0",8,"0","0","","","","0"
88,Insta360 Rear View Mirror Mount,INSTA360 ACCESSORIES,120,189,3,"","",69,DCP-88,"",9,"0","0","0",8,"0","0","","","","0"
89,Insta360 Magnetic Selfie Stick Holster,INSTA360 ACCESSORIES,172,269,1,"","",97,DCP-89,"",3,"0","0","0",8,"0","0","","","","0"
90,Insta360 Helmet Mount*,INSTA360 ACCESSORIES,48,99,"0","","",51,DCP-90,"",5,"0","0","0",8,"0","0","","","","0"
91,Insta360 X4 Standard Lens Guard,INSTA360 ACCESSORIES,70,99,1,"","",29,DCP-91,"",9,"0","0","0",8,"0","0","","","","0"
92,Insta360 X4 Premium Lens Guard,INSTA360 ACCESSORIES,120,179,3,"","",59,DCP-92,"",10,"0","0","0",8,"0","0","","","","0"
93,Insta360 X4 Utility Frame,INSTA360 ACCESSORIES,208,309,3,"","",101,DCP-93,"",4,"0","0","0",8,"0","0","","","","0"
94,Insta360 X4 Battery,INSTA360 ACCESSORIES,160,229,2,"","",69,DCP-94,"",17,"0","0","0",8,"0","0","","","","0"
95,Insta360 X4 Fast Charge Hub,INSTA360 ACCESSORIES,172,259,3,"","",87,DCP-95,"",16,"0","0","0",8,"0","0","","","","0"
96,Insta360 X4 Invisible Dive Case*,INSTA360 ACCESSORIES,310,509,"0","","",199,DCP-96,"",23,"0","0","0",8,"0","0","","","","0"
97,Insta360 X4 Carry Case,INSTA360 ACCESSORIES,70,99,5,"","",29,DCP-97,"",9,"0","0","0",8,"0","0","","","","0"
98,Insta360 X4 Quick Reader,INSTA360 ACCESSORIES,138,209,2,"","",71,DCP-98,"",9,"0","0","0",8,"0","0","","","","0"
99,Insta360 X4 Lens Cap*,INSTA360 ACCESSORIES,16,39,"0","","",23,DCP-99,"",31,"0","0","0",8,"0","0","","","","0"
100,Insta360 X4 Screen Protector,INSTA360 ACCESSORIES,52,79,8,"","",27,DCP-100,"",75,"0","0","0",8,"0","0","","","","0"
101,Insta360 Type-C to Type-C Cable (X3/X4/GO3),INSTA360 ACCESSORIES,28,49,3,"","",21,DCP-101,"","0","0","0","0",8,"0","0","","","","0"
102,Insta360 X4 Thermo Grip Cover,INSTA360 ACCESSORIES,52,79,2,"","",27,DCP-102,"","0","0","0","0",8,"0","0","","","","0"
103,Insta360 X4 Mic Wind Muff,INSTA360 ACCESSORIES,35,49,4,"","",14,DCP-103,"",5,"0","0","0",8,"0","0","","","","0"
104,Insta360 X2/X3/X4 Cold Shoe,INSTA360 ACCESSORIES,55,99,2,"","",44,DCP-104,"",3,"0","0","0",8,"0","0","","","","0"
105,Insta360 X4 Fast Charge Hub*,INSTA360 ACCESSORIES,160,259,2,"","",99,DCP-105,"",26,"0","0","0",8,"0","0","","","","0"
106,Insta360 X4 Mic Adapter,INSTA360 ACCESSORIES,70,99,3,"","",29,DCP-106,"",1,"0","0","0",8,"0","0","","","","0"
107,Insta360 X4 Usb Cover,INSTA360 ACCESSORIES,25,39,1,"","",14,DCP-107,"",1,"0","0","0",8,"0","0","","","","0"
108,Insta360 2-in-1 Invisible Selfie Stick + Tripod,INSTA360 ACCESSORIES,80,149,21,"","",69,DCP-108,"",113,"0","0","0",8,"0","0","","","","0"
109,"Insta360 Extended Edition Selfie Stick (New Version)*	",INSTA360 ACCESSORIES,320,499,2,"","",179,DCP-109,"",12,"0","0","0",8,"0","0","","","","0"
110,Insta360 Heavy Duty Clamp,INSTA360 ACCESSORIES,138,199,2,"","",61,DCP-110,"",10,"0","0","0",8,"0","0","","","","0"
111,Insta360 Motorcycle Selfie Stick Support Clamp,INSTA360 ACCESSORIES,190,279,2,"","",89,DCP-111,"",2,"0","0","0",8,"0","0","","","","0"
112,Insta360 U-Bolt Mount (Upgraded Version),INSTA360 ACCESSORIES,138,199,1,"","",61,DCP-112,"",3,"0","0","0",8,"0","0","","","","0"
113,Insta360 Selfie Stick Ring Mount,INSTA360 ACCESSORIES,70,99,2,"","",29,DCP-113,"",1,"0","0","0",8,"0","0","","","","0"
114,Insta360 Bike Headset Cap Mount,INSTA360 ACCESSORIES,115,199,3,"","",84,DCP-114,"","0","0","0","0",8,"0","0","","","","0"
115,Insta360 Selfie Stick Sleeve (For Action Invisible Selfie Stick),INSTA360 ACCESSORIES,25,39,"0","","",14,DCP-115,"","0","0","0","0",8,"0","0","","","","0"
116,Insta360 Selfie Stick Wrist Strap,INSTA360 ACCESSORIES,29,49,2,"","",20,DCP-116,"",13,"0","0","0",8,"0","0","","","","0"
117,Insta360 X4 Battery*,INSTA360 ACCESSORIES,135,229,4,"","",94,DCP-117,"",35,"0","0","0",8,"0","0","","","","0"
118,Insta360 Vibration Damper*,INSTA360 ACCESSORIES,160,299,"0","","",139,DCP-118,"",1,"0","0","0",8,"0","0","","","","0"
119,Insta360 Ace/Ace Pro Cold Shoe*,INSTA360 ACCESSORIES,55,99,2,"","",44,DCP-119,"",1,"0","0","0",8,"0","0","","","","0"
120,Insta360 Quick Release Mount (New Version)*,INSTA360 ACCESSORIES,112,199,2,"","",87,DCP-120,"",10,"0","0","0",8,"0","0","","","","0"
121,Insta360 Go 3 Pivot Stand*,INSTA360 ACCESSORIES,75,169,1,"","",94,DCP-121,"",3,"0","0","0",8,"0","0","","","","0"
122,Insta360 Hand Mount Bundle,INSTA360 ACCESSORIES,106,139,1,"","",33,DCP-122,"","0","0","0","0",8,"0","0","","","","0"
123,Insta360 Ace/Ace Pro/Ace Pro 2 Float Guard*,INSTA360 ACCESSORIES,46,99,2,"","",53,DCP-123,"",3,"0","0","0",8,"0","0","","","","0"
124,Insta360 Go 3/3S Quick Reader,INSTA360 ACCESSORIES,155,229,3,"","",74,DCP-124,"",14,"0","0","0",8,"0","0","","","","0"
125,Insta360 Go 3/3S Vertical & Horizontal Action Mount Set,INSTA360 ACCESSORIES,35,49,2,"","",14,DCP-125,"",6,"0","0","0",8,"0","0","","","","0"
126,Insta360 Go 3/3S Pet Harness Mount (S Size),INSTA360 ACCESSORIES,208,309,"0","","",101,DCP-126,"","0","0","0","0",8,"0","0","","","","0"
127,Insta360 Go 3/3S Lens Guard,INSTA360 ACCESSORIES,70,99,5,"","",29,DCP-127,"",3,"0","0","0",8,"0","0","","","","0"
128,Insta360 Go 3S ND Filter Set,INSTA360 ACCESSORIES,208,309,"0","","",101,DCP-128,"","0","0","0","0",8,"0","0","","","","0"
129,Insta360 Go 3/3S Dive Case,INSTA360 ACCESSORIES,208,309,2,"","",101,DCP-129,"",1,"0","0","0",8,"0","0","","","","0"
130,Insta360 Go 3/3S Mic Wind Muff,INSTA360 ACCESSORIES,35,49,"0","","",14,DCP-130,"",1,"0","0","0",8,"0","0","","","","0"
131,Dash Cam Mount,INSTA360 ACCESSORIES,172,279,1,"","",107,DCP-131,"","0","0","0","0",8,"0","0","","","","0"
132,Insta360 Monkey Tail Mount*,INSTA360 ACCESSORIES,55,149,"0","","",94,DCP-132,"",5,"0","0","0",8,"0","0","","","","0"
133,Insta360 Go 3/3S Quick Release Mount*,INSTA360 ACCESSORIES,96,179,"0","","",83,DCP-133,"",5,"0","0","0",8,"0","0","","","","0"
134,Insta360 Go 3/3S Pivot Stand*,INSTA360 ACCESSORIES,77,169,3,"","",92,DCP-134,"","0","0","0","0",8,"0","0","","","","0"
135,Insta360 Go 3/3S Mic Wind Muff*,INSTA360 ACCESSORIES,18,49,"0","","",31,DCP-135,"",7,"0","0","0",8,"0","0","","","","0"
136,Insta360 Go 3S ND Filter Set*,INSTA360 ACCESSORIES,205,309,2,"","",104,DCP-136,"",2,"0","0","0",8,"0","0","","","","0"
137,Insta360 Go 3/3S Magnet Pendant Safety Cord (White)*,INSTA360 ACCESSORIES,18,35,1,"","",17,DCP-137,"",6,"0","0","0",8,"0","0","","","","0"
138,Insta360 Go 3/3S Magnet Pendant Safety Cord (Black)*,INSTA360 ACCESSORIES,18,35,7,"","",17,DCP-138,"",2,"0","0","0",8,"0","0","","","","0"
139,Insta360 Mini 2-in-1 Tripod*,INSTA360 ACCESSORIES,85,169,"0","","",84,DCP-139,"",10,"0","0","0",8,"0","0","","","","0"
140,Insta360 85cm Invisible Selfie Stick + Removable Selfie Stick Sleeve,INSTA360 ACCESSORIES,90,139,1,"","",49,DCP-140,"",5,"0","0","0",8,"0","0","","","","0"
141,Sample Product,INSTA360 ACCESSORIES,100,500,"0","","",400,DCP-141,"",1,"0","0","0",8,50,"0","","",2024-08-19,"0"
142,Insta360 Ace Pro / Ace Pro 2 Screen Protector*,INSTA360 ACCESSORIES,25,99,"0","","",74,DCP-142,"",7,"0","0","0",10,"0","0","","","","0"
143,Insta360 Ace/Ace Pro Mic Adapter*,INSTA360 ACCESSORIES,50,99,1,"","",49,DCP-143,"",4,"0","0","0",8,"0","0","","","","0"
144,Insta360 GPS Action Remote,INSTA360 ACCESSORIES,265,349,"0","","",84,DCP-144,"","0","0","0","0",10,"0","0","","","","0"
145,Insta360 Multi Mount*,INSTA360 ACCESSORIES,145,229,1,"","",84,DCP-145,"",5,"0","0","0",8,"0","0","","","","0"
146,Insta360 Suction Cup Car Mount,INSTA360 ACCESSORIES,140,199,"0","","",59,DCP-146,"","0","0","0","0",10,"0","0","","","","0"
147,Insta360 X4 / X5 Lens Cap,INSTA360 ACCESSORIES,24,39,7,"","",15,DCP-147,"",49,"0","0","0",10,"0","0","","","","0"
148,Insta360 Ace Pro Usb Cover,INSTA360 ACCESSORIES,26,39,"0","","",13,DCP-148,"","0","0","0","0",10,"0","0","","","","0"
149,SanDisk Extreme Memory Card (64GB)*,SANDISK,31,65,10,"","",34,DCP-149,"",1,"0","0","0",8,"0","0","","","","0"
150,SanDisk Extreme Memory Card (256GB)*,SANDISK,85,160,"0","","",75,DCP-150,"",14,"0","0","0",8,"0","0","","","","0"
151,Insta360 X4 Invisible Dive Case,INSTA360 ACCESSORIES,345,509,3,"","",164,DCP-151,"","0","0","0","0",10,"0","0","","","","0"
152,Insta360 One Rs 4K Dive Case,INSTA360 ACCESSORIES,190,299,"0","","",109,DCP-152,"",1,"0","0","0",10,"0","0","","","","0"
153,Insta360 Unicorn Helmet Mount,INSTA360 ACCESSORIES,138,249,1,"","",111,DCP-153,"","0","0","0","0",10,"0","0","","","","0"
154,Insta360 Type-C to Type-C Cable (Ace/Ace Pro),INSTA360 ACCESSORIES,29,49,2,"","",20,DCP-154,"","0","0","0","0",10,"0","0","","","","0"
155,SanDisk Extreme Memory Card (512GB),SANDISK,192,299,4,"","",107,DCP-155,"",5,"0","0","0",6,"0","0","","","","0"
156,Insta360 Helmet Chin Mount,INSTA360 ACCESSORIES,70,129,2,"","",59,DCP-156,"",2,"0","0","0",10,"0","0","","","","0"
157,Insta360 Selfie Stick Wrist Strap*,INSTA360 ACCESSORIES,26,49,"0","","",23,DCP-157,"",12,"0","0","0",8,"0","0","","","","0"
158,Insta360 Helmet Mount ,INSTA360 ACCESSORIES,70,99,2,"","",29,DCP-158,"","0","0","0","0",10,"0","0","","","","0"
159,Insta360 Ace/Ace Pro Battery*,INSTA360 ACCESSORIES,110,199,4,"","",89,DCP-159,"",3,"0","0","0",8,"0","0","","","","0"
160,Insta360 Ace/Ace Pro Fast Charge Hub*,INSTA360 ACCESSORIES,160,259,"0","","",99,DCP-160,"",2,"0","0","0",8,"0","0","","","","0"
161,Insta360 X3 Battery*,INSTA360 ACCESSORIES,115,199,1,"","",84,DCP-161,"",4,"0","0","0",8,"0","0","","","","0"
162,Insta360 X4 ( Display Demo ),INSTA360,2020,2499,1,"","",479,DCP-162,"","0","0","0","0",10,"0","0","","","","0"
163,Insta360 Go 3S Midnight Black (64GB) ( Display Demo ) ,INSTA360,1600,1969,1,"","",369,DCP-163,"","0","0","0","0",10,"0","0","","","","0"
164,Insta360 Extended Edition Selfie Stick (New Version)* ( Display Demo ) ,INSTA360 ACCESSORIES,320,499,1,"","",179,DCP-164,"","0","0","0","0",8,"0","0","","","","0"
165,Insta360 Go 3/3S Carry Case ( Display Demo ) ,INSTA360 ACCESSORIES,70,99,1,"","",29,DCP-165,"","0","0","0","0",10,"0","0","","","","0"
166,Insta360 X4 Carry Case ( Display Demo ),INSTA360 ACCESSORIES,70,99,1,"","",29,DCP-166,"","0","0","0","0",10,"0","0","","","","0"
167,Insta360 85cm Invisible Selfie Stick + Removable Selfie Stick Sleeve ( Display Demo ),INSTA360 ACCESSORIES,90,139,1,"","",49,DCP-167,"","0","0","0","0",10,"0","0","","","","0"
168,Insta360 Monkey Tail Mount* ( Display Demo ),INSTA360 ACCESSORIES,55,149,1,"","",94,DCP-168,"","0","0","0","0",10,"0","0","","","","0"
169,Insta360 Action Invisible Selfie Stick ( Display Demo ) ,INSTA360 ACCESSORIES,172,269,1,"","",97,DCP-169,"","0","0","0","0",10,"0","0","","","","0"
170,Insta360 Floating Hand Grip (New Version)* ( Display Demo ) ,INSTA360 ACCESSORIES,31,59,1,"","",28,DCP-170,"",1,"0","0","0",8,"0","0","","","","0"
171,Insta360 Magnetic Neck Holder Mount ( Display Demo ) ,INSTA360 ACCESSORIES,40,129,1,"","",89,DCP-171,"","0","0","0","0",10,"0","0","","","","0"
172,Insta360 Head Strap ( Display Demo ) ,INSTA360 ACCESSORIES,70,99,1,"","",29,DCP-172,"","0","0","0","0",8,"0","0","","","","0"
173,Insta360 BIke Bundle (New Version) ( Display Demo ),INSTA360 ACCESSORIES,190,279,1,"","",89,DCP-173,"","0","0","0","0",10,"0","0","","","","0"
174,Insta360 Motorcycle Bundle (New Version) ( Display Demo ),INSTA360 ACCESSORIES,172,259,1,"","",87,DCP-174,"","0","0","0","0",10,"0","0","","","","0"
175,Insta360 X4 Vertical Horizontal Mount ,INSTA360 ACCESSORIES,120,199,2,"","",79,DCP-175,"","0","0","0","0",10,"0","0","","","","0"
176,Insta360 Original Neck Mount,INSTA360 ACCESSORIES,86,129,"0","","",43,DCP-176,"",13,"0","0","0",10,"0","0","","","","0"
177,Insta360 Memory Card (64GB),INSTA360 ACCESSORIES,40,65,5,"","",25,DCP-177,"","0","0","0","0",10,"0","0","","","","0"
178,Insta360 Memory Card (128GB),INSTA360 ACCESSORIES,64,95,4,"","",31,DCP-178,"",6,"0","0","0",10,"0","0","","","","0"
179,Insta360 Bullet Time Bundle ( Display Demo ) ,INSTA360 ACCESSORIES,180,299,1,"","",119,DCP-179,"","0","0","0","0",10,"0","0","","","","0"
180,Insta360 Go 3/3S Screen Protector*,INSTA360 ACCESSORIES,25,49,"0","","",24,DCP-180,"",2,"0","0","0",10,"0","0","","","","0"
181,Storage Fees ,INSTA360,"0",50,999,"","",50,DCP-181,"","0","0","0","0",10,"0","0","","","","0"
182,Insta360 Mini 2-in-1 Tripod* ( Display Demo ),INSTA360 ACCESSORIES,85,169,"0","","",84,DCP-182,"","0","0","0","0",8,"0","0","","","","0"
183,Insta360 All-Purpose Tripod*,INSTA360 ACCESSORIES,110,179,"0","","",69,DCP-183,"",1,"0","0","0",8,"0","0","","","","0"
184,Insta360 Magnetic Selfie Stick Holster*,INSTA360 ACCESSORIES,161,269,2,"","",108,DCP-184,"",2,"0","0","0",8,"0","0","","","","0"
185,Insta360 Link 2,INSTA360,760,949,"0","","",189,DCP-185,"",2,"0","0","0",10,"0","0","","","","0"
186,Insta360 Link 2C,INSTA360,580,719,2,"","",139,DCP-186,"","0","0","0","0",10,"0","0","","","","0"
187,Insta360 X3*,INSTA360,1490,1799,"0","","",309,DCP-187,"","0","0","0","0",10,"0","0","","","","0"
188,Insta360 Ace Pro*,INSTA360,1310,1599,"0","","",289,DCP-188,"","0","0","0","0",10,"0","0","","","","0"
189,Insta360 Memory Card (256GB)*,INSTA360 ACCESSORIES,112,199,"0","","",87,DCP-189,"","0","0","0","0",8,"0","0","","","","0"
190,Insta360 Memory Card (512GB)*,INSTA360 ACCESSORIES,203,299,"0","","",96,DCP-190,"",3,"0","0","0",8,"0","0","","","","0"
191,Insta360 Dual Suction Cup Car Mount,INSTA360 ACCESSORIES,720,1219,"0","","",499,DCP-191,"","0","0","0","0",10,"0","0","","","","0"
192,Insta360 Triple Suction Cup Car Mount,INSTA360 ACCESSORIES,1152,1939,"0","","",787,DCP-192,"","0","0","0","0",10,"0","0","","","","0"
193,SanDisk Extreme Memory Card (512GB)*,SANDISK,160,299,5,"","",139,DCP-193,"","0","0","0","0",8,"0","0","","","","0"
194,Insta360 Ace Pro 2 Single Battery,INSTA360,1550,1899,"0","","",349,DCP-194,"",6,"0","0","0",10,"0","0","","","","0"
195,Insta360 Ace Pro 2 Dual Battery Bundle ,INSTA360,1630,1999,"0","","",369,DCP-195,"",46,"0","0","0",10,"0","0","","","","0"
196,Insta360 Ace Pro 2 ND Filter Set,INSTA360 ACCESSORIES,328,479,2,"","",151,DCP-196,"",1,"0","0","0",10,"0","0","","","","0"
197,Insta360 Ace Pro/Ace Pro 2 Carry Case,INSTA360 ACCESSORIES,70,99,"0","","",29,DCP-197,"",3,"0","0","0",10,"0","0","","","","0"
198,Insta360 Ace Pro/Ace Pro 2 Utility Frame,INSTA360 ACCESSORIES,190,279,"0","","",89,DCP-198,"",4,"0","0","0",10,"0","0","","","","0"
199,Insta360 Ace Pro/Ace Pro 2 Quick Release Cold Shoe,INSTA360 ACCESSORIES,52,99,2,"","",47,DCP-199,"","0","0","0","0",10,"0","0","","","","0"
200,Insta360 Ace Pro 2 Wind Guard,INSTA360 ACCESSORIES,70,99,3,"","",29,DCP-200,"","0","0","0","0",10,"0","0","","","","0"
201,Insta360 Ace Pro 2 Usb Cover,INSTA360 ACCESSORIES,70,99,1,"","",29,DCP-201,"","0","0","0","0",10,"0","0","","","","0"
202,Insta360 Ace Pro/Ace Pro 2 Float Guard,INSTA360 ACCESSORIES,70,99,2,"","",29,DCP-202,"",5,"0","0","0",10,"0","0","","","","0"
203,Insta360 Backpack Clip,INSTA360 ACCESSORIES,70,99,2,"","",29,DCP-203,"",3,"0","0","0",10,"0","0","","","","0"
204,Insta360 Mini Camera Case,INSTA360 ACCESSORIES,52,99,5,"","",47,DCP-204,"",12,"0","0","0",10,"0","0","","","","0"
205,-,INSTA360 ACCESSORIES,"0","0","0","","","0",DCP-205,"",1,"0","0","0",10,"0","0","","","","0"
206,Insta360 X3 Standard Removable Lens Guards,INSTA360 ACCESSORIES,70,99,2,"","",29,DCP-206,"",10,"0","0","0",10,"0","0","","","","0"
207,Insta360 Ace Pro 2 Lens Guard,INSTA360 ACCESSORIES,70,99,4,"","",29,DCP-207,"","0","0","0","0",10,"0","0","","","","0"
208,Insta360 Bike Computer Mount Independent,INSTA360 ACCESSORIES,120,199,2,"","",79,DCP-208,"",1,"0","0","0",10,"0","0","","","","0"
209,Insta360 Bike Seat Rail Mount,INSTA360 ACCESSORIES,70,99,3,"","",29,DCP-209,"","0","0","0","0",10,"0","0","","","","0"
210,Insta360 Portable Charging Case,INSTA360 ACCESSORIES,224,299,3,"","",75,DCP-210,"",6,"0","0","0",10,"0","0","","","","0"
211,Insta360 Bullet Time Tripod*,INSTA360 ACCESSORIES,110,169,"0","","",59,DCP-211,"","0","0","0","0",8,"0","0","","","","0"
212,Insta360 Bike Computer Mount Integrated,INSTA360 ACCESSORIES,120,199,2,"","",79,DCP-212,"",1,"0","0","0",10,"0","0","","","","0"
213,Insta360 Bike Tail Mount Kit,INSTA360 ACCESSORIES,240,359,2,"","",119,DCP-213,"",1,"0","0","0",10,"0","0","","","","0"
214,Insta360 Ace Pro 2 Dive Case*,INSTA360 ACCESSORIES,180,299,3,"","",119,DCP-214,"",12,"0","0","0",10,"0","0","","","","0"
215,Insta360 X4 Standard Lens Guard*,INSTA360 ACCESSORIES,"0",99,4,"","",99,DCP-215,"",2,"0","0","0",10,"0","0","","","","0"
216,Product Insta360,INSTA360,1200,1200,"0","","","0",DCP-216,"",1,"0","0","0",10,"0","0","","","","0"
217,Insta360 Helmet Mount* ( Display Demo ),INSTA360 ACCESSORIES,48,99,1,"","",51,DCP-217,"","0","0","0","0",8,"0","0","","","","0"
218,Insta360 One Rs Twin Edition,INSTA360,1580,1999,"0","","",419,DCP-218,"",1,"0","0","0",10,"0","0","","","","0"
219,Insta360 One X2 Mic Adapter ,INSTA360 ACCESSORIES,66,99,1,"","",33,DCP-219,"","0","0","0","0",10,"0","0","","","","0"
220,Insta360 Vibration Damper* ( Display Demo ) ,INSTA360 ACCESSORIES,160,299,1,"","",139,DCP-220,"","0","0","0","0",10,"0","0","","","","0"
221,Insta360 Ace Pro/Ace Pro 2 Carry Case ( Display Demo ),INSTA360 ACCESSORIES,70,99,"0","","",29,DCP-221,"",1,"0","0","0",10,"0","0","","","","0"
222,Insta360 Quick Release Mount (New Version)* ( Display Demo ) ,INSTA360 ACCESSORIES,112,199,1,"","",87,DCP-222,"","0","0","0","0",10,"0","0","","","","0"
223,Insta360 All-Purpose Tripod* ( Display Demo ) ,INSTA360 ACCESSORIES,110,179,1,"","",69,DCP-223,"","0","0","0","0",10,"0","0","","","","0"
224,Insta360 Portable Charging Case*,INSTA360 ACCESSORIES,195,299,"0","","",104,DCP-224,"",1,"0","0","0",8,"0","0","","","","0"
225,Insta360 Ace Pro 2 Battery*,INSTA360 ACCESSORIES,95,199,"0","","",104,DCP-225,"",8,"0","0","0",8,"0","0","","","","0"
226,Insta360 Ace/Ace Pro/Ace Pro 2 Fast Charge Hub*,INSTA360 ACCESSORIES,145,259,"0","","",114,DCP-226,"",6,"0","0","0",8,"0","0","","","","0"
227,Insta360 Ace Pro 2 Single Battery ( Display Demo ),INSTA360,1550,1899,1,"","",349,DCP-227,"","0","0","0","0",10,"0","0","","","","0"
228,Insta360 Flow 2 Pro ( Stone Gray ),INSTA360,618,759,4,"","",141,DCP-228,"",1,"0","0","0",10,"0","0","","","","0"
229,Insta360 Flow 2 Pro ( Summit White ),INSTA360,618,759,3,"","",141,DCP-229,"","0","0","0","0",10,"0","0","","","","0"
230,Insta360 Flow 2 Pro Creator Kit ( Stone Gray ),INSTA360,732,899,2,"","",167,DCP-230,"",3,"0","0","0",10,"0","0","","","","0"
231,Insta360 Flow 2 Pro Creator Kit ( Summit White ),INSTA360,732,899,1,"","",167,DCP-231,"",3,"0","0","0",10,"0","0","","","","0"
232,Insta360 Ace Pro/Ace Pro 2 Utility Frame*,INSTA360 ACCESSORIES,170,279,2,"","",109,DCP-232,"","0","0","0","0",8,"0","0","","","","0"
233,Insta360 X2/X3/X4 Invisible Mic Cold Shoe (for RÃ˜DE Wireless GO),INSTA360 ACCESSORIES,70,99,2,"","",29,DCP-233,"","0","0","0","0",10,"0","0","","","","0"
234,Insta360 Flow 2 Pro Carry Case,INSTA360 ACCESSORIES,83,119,2,"","",36,DCP-234,"","0","0","0","0",10,"0","0","","","","0"
235,Insta360 Flow 2 Pro Spotlight,INSTA360 ACCESSORIES,50,79,2,"","",29,DCP-235,"","0","0","0","0",10,"0","0","","","","0"
236,Insta360 Flow 2 Pro Magnetic Phone Mount,INSTA360 ACCESSORIES,70,99,2,"","",29,DCP-236,"","0","0","0","0",10,"0","0","","","","0"
237,Insta360 Flow 2 Pro Backpack Mount,INSTA360 ACCESSORIES,70,99,2,"","",29,DCP-237,"","0","0","0","0",10,"0","0","","","","0"
238,Insta360 Flow 2 Pro USB-C to Lightning Charge Cable,INSTA360 ACCESSORIES,50,79,2,"","",29,DCP-238,"","0","0","0","0",10,"0","0","","","","0"
239,Insta360 Flow 2 Pro USB-C to Type C Charge Cable,INSTA360 ACCESSORIES,50,79,2,"","",29,DCP-239,"","0","0","0","0",10,"0","0","","","","0"
240,Insta360 X4 BMW Motorrad Edition,INSTA360,2060,2569,1,"","",509,DCP-240,"",1,"0","0","0",10,"0","0","","","","0"
241,"Insta360 Bullet Time Bundle 2.0",INSTA360 ACCESSORIES,180,299,1,"","",119,DCP-241,"",5,"0","0","0",10,"0","0","","","","0"
242,Insta360 Floating Hand Grip (New Version),INSTA360 ACCESSORIES,35,59,4,"","",24,DCP-242,"",6,"0","0","0",10,"0","0","","","","0"
243,Insta360 Foldable 2-in-1 Selfie Stick Remote Kit,INSTA360 ACCESSORIES,190,279,9,"","",89,DCP-243,"",6,"0","0","0",10,"0","0","","","","0"
244,Insta360 Foldable 2-in-1 Selfie Stick Standard Kit,INSTA360 ACCESSORIES,120,179,"0","","",59,DCP-244,"","0","0","0","0",10,"0","0","","","","0"
245,Insta360 Go 3/3S Pivot Clip,INSTA360 ACCESSORIES,52,79,1,"","",27,DCP-245,"",2,"0","0","0",10,"0","0","","","","0"
246,Insta360 X3 Carry Case*,INSTA360 ACCESSORIES,56,99,"0","","",43,DCP-246,"",1,"0","0","0",8,"0","0","","","","0"
247,Insta360 x SmallRig X3 Utility Frame*,INSTA360 ACCESSORIES,"0",199,3,"","",199,DCP-247,"","0","0","0","0",10,"0","0","","","","0"
248,3-Prong to 1/4*,INSTA360 ACCESSORIES,11,29,5,"","",18,DCP-248,"",13,"0","0","0",8,"0","0","","","","0"
249,Insta360 85cm Invisible Selfie Stick + Removable Selfie Stick Sleeve*,INSTA360 ACCESSORIES,75,139,2,"","",64,DCP-249,"","0","0","0","0",8,"0","0","","","","0"
250,Insta360 X4 Premium Lens Guard*,INSTA360 ACCESSORIES,"0",179,"0","","",179,DCP-250,"","0","0","0","0",10,"0","0","","","","0"
251,Lalamove,DELIVERY,"0","0",998,"","","0",DCP-251,"","0","0","0","0",10,"0","0","","","","0"
252,Insta360 Go 3 / 3S Battery pack,INSTA360 ACCESSORIES,138,199,1,"","",61,DCP-252,"",2,"0","0","0",10,"0","0","","","","0"
253,Insta360 Flow 2 Pro AI Tracker,INSTA360 ACCESSORIES,138,219,2,"","",81,DCP-253,"",1,"0","0","0",10,"0","0","","","","0"
254,Insta360 Flow 2 Pro AI Tracker*,INSTA360,75,219,2,"","",144,DCP-254,"","0","0","0","0",10,"0","0","","","","0"
255,-,INSTA360,"0","0","0","","","0",DCP-255,"","0","0","0","0",10,"0","0","","","","0"
256,Insta360 x SmallRig X3 Utility Frame* ( Display Demo ),INSTA360 ACCESSORIES,"0",199,1,"","",199,DCP-256,"","0","0","0","0",10,"0","0","","","","0"
257,Insta360 X3 Lens Cap*,INSTA360 ACCESSORIES,16,39,3,"","",23,DCP-257,"",1,"0","0","0",8,"0","0","","","","0"
258,Insta360 Go 3/3S Carry Case*,INSTA360 ACCESSORIES,53,99,1,"","",46,DCP-258,"",4,"0","0","0",8,"0","0","","","","0"
259,Insta360 Foldable 2-in-1 Selfie Stick Remote Kit*,INSTA360 ACCESSORIES,181,279,"0","","",98,DCP-259,"",3,"0","0","0",8,"0","0","","","","0"
260,Insta360 Flexi Clip ,INSTA360 ACCESSORIES,70,99,3,"","",29,DCP-260,"",2,"0","0","0",10,"0","0","","","","0"
261,Insta360 Bullet Time Bundle 2.0 ( Display Demo ),INSTA360 ACCESSORIES,180,299,1,"","",119,DCP-261,"","0","0","0","0",10,"0","0","","","","0"
262,Insta360 X4*,INSTA360,1700,2099,"0","","",399,DCP-262,"",2,"0","0","0",10,"0","0","","","","0"
263,Insta360 Mini Remote,INSTA360 ACCESSORIES,103,149,"0","","",46,DCP-263,"",4,"0","0","0",10,"0","0","","","","0"
264,Insta360 Foldable 2-in-1 Selfie Stick Remote Kit* ( Display Demo ),INSTA360 ACCESSORIES,181,279,1,"","",98,DCP-264,"","0","0","0","0",8,"0","0","","","","0"
265,Insta360 X5,INSTA360,2020,2499,2,"","",479,DCP-265,"",30,"0","0","0",10,"0","0","","","","0"
266,Insta360 X5 ( Display Demo ),INSTA360,2020,2499,1,"","",479,DCP-266,"","0","0","0","0",10,"0","0","","","","0"
267,Insta360 X5 Standard Lens Guard,INSTA360 ACCESSORIES,86,119,3,"","",33,DCP-267,"",10,"0","0","0",10,"0","0","","","","0"
268,Insta360 Go 3/3S Headband Pivot Mount,INSTA360 ACCESSORIES,86,129,3,"","",43,DCP-268,"","0","0","0","0",10,"0","0","","","","0"
269,Insta360 X5 Utility Frame,INSTA360 ACCESSORIES,224,319,5,"","",95,DCP-269,"",6,"0","0","0",10,"0","0","","","","0"
270,Insta360 X5 Battery,INSTA360 ACCESSORIES,168,219,15,"","",51,DCP-270,"","0","0","0","0",10,"0","0","","","","0"
271,Insta360 X5 Premium Lens Guards,INSTA360 ACCESSORIES,120,179,6,"","",59,DCP-271,"",3,"0","0","0",10,"0","0","","","","0"
272,Insta360 X4/X5 Vertical Horizontal Mount,INSTA360 ACCESSORIES,120,169,6,"","",49,DCP-272,"","0","0","0","0",10,"0","0","","","","0"
273,Insta360 X5 All-Weather USB Charging Cover,INSTA360 ACCESSORIES,35,49,5,"","",14,DCP-273,"","0","0","0","0",10,"0","0","","","","0"
274,Insta360 X5 Carry Case,INSTA360 ACCESSORIES,86,119,4,"","",33,DCP-274,"","0","0","0","0",10,"0","0","","","","0"
275,Insta360 X5 Invisible Mic Cold Shoe,INSTA360 ACCESSORIES,70,99,2,"","",29,DCP-275,"","0","0","0","0",10,"0","0","","","","0"
276,Insta360 X5 Cold Shoe,INSTA360 ACCESSORIES,70,99,7,"","",29,DCP-276,"","0","0","0","0",10,"0","0","","","","0"
277,Insta360 X5 Replacement Lens Kit,INSTA360 ACCESSORIES,103,149,2,"","",46,DCP-277,"","0","0","0","0",10,"0","0","","","","0"
278,Insta360 X5 Screen Protector,INSTA360 ACCESSORIES,52,79,3,"","",27,DCP-278,"",16,"0","0","0",10,"0","0","","","","0"
279,Insta360 Ace Pro Dive Case,INSTA360 ACCESSORIES,208,299,"0","","",91,DCP-279,"",1,"0","0","0",10,"0","0","","","","0"
280,Insta360 X5 Battery*,INSTA360 ACCESSORIES,130,219,1,"","",89,DCP-280,"",7,"0","0","0",8,"0","0","","","","0"
281,Insta360 X4 Lens Cap*,INSTA360 ACCESSORIES,16,39,"0","","",23,DCP-281,"",5,"0","0","0",8,"0","0","","","","0"
282,Insta360 X5 Standard Lens Guard*,INSTA360 ACCESSORIES,83,119,"0","","",36,DCP-282,"",4,"0","0","0",8,"0","0","","","","0"
283,Insta360 X5 Premium Lens Guards*,INSTA360 ACCESSORIES,130,179,3,"","",49,DCP-283,"",1,"0","0","0",8,"0","0","","","","0"
284,Insta360 X5 Replacement Lens Kit*,INSTA360 ACCESSORIES,130,149,4,"","",19,DCP-284,"",1,"0","0","0",8,"0","0","","","","0"
285,Insta360 X5 All-Weather USB Charging Cover*,INSTA360 ACCESSORIES,36,49,1,"","",13,DCP-285,"",5,"0","0","0",8,"0","0","","","","0"
286,Insta360 X5 Utility Frame*,INSTA360 ACCESSORIES,187,319,"0","","",132,DCP-286,"","0","0","0","0",8,"0","0","","","","0"
287,Insta360 Ace/Ace Pro/Ace Pro 2 Standard Mount*,INSTA360 ACCESSORIES,36,89,2,"","",53,DCP-287,"","0","0","0","0",8,"0","0","","","","0"
288,Insta360 X4 / X5 Lens Cap*,INSTA360 ACCESSORIES,16,39,"0","","",23,DCP-288,"","0","0","0","0",8,"0","0","","","","0"
289,Insta360 Throwpod,INSTA360 ACCESSORIES,172,249,2,"","",77,DCP-289,"","0","0","0","0",10,"0","0","","","","0"
290,Insta360 Hard Hat Camera Mount,INSTA360 ACCESSORIES,103,149,2,"","",46,DCP-290,"","0","0","0","0",10,"0","0","","","","0"
291,Insta360 Ace/Ace Pro Fast Charge Hub*,INSTA360 ACCESSORIES,"0",259,3,"","",259,DCP-291,"","0","0","0","0",10,"0","0","","","","0"
292,Insta360 GPS Preview Remote Charger,INSTA360 ACCESSORIES,"0",89,"0","","",89,DCP-292,"",1,"0","0","0",10,"0","0","","","","0"
293,Insta360 Xplorer Grip Kit,INSTA360 ACCESSORIES,293,409,"0","","",116,DCP-293,"",9,"0","0","0",10,"0","0","","","","0"
294,Insta360 X5 Utility Frame** ( Display Demo ),INSTA360 ACCESSORIES,112,209,1,"","",97,DCP-294,"","0","0","0","0",10,"0","0","","","","0"
295,Insta360 Ace/Ace Pro/Ace Pro 2 Fast Charge Hub,INSTA360 ACCESSORIES,172,259,6,"","",87,DCP-295,"",2,"0","0","0",10,"0","0","","","","0"
296,Insta360 X5 Essentials Bundle,INSTA360,2420,2999,1,"","",579,DCP-296,"",7,"0","0","0",10,"0","0","","","","0"
297,Insta360 Original Neck Mount*,INSTA360 ACCESSORIES,68,129,3,"","",61,DCP-297,"","0","0","0","0",8,"0","0","","","","0"
298,Insta360 X5 Premium Lens Guards ( Display Demo ),INSTA360 ACCESSORIES,120,179,1,"","",59,DCP-298,"","0","0","0","0",10,"0","0","","","","0"
299,Insta360 Ace Pro 2 Battery,INSTA360 ACCESSORIES,125,199,3,"","",74,DCP-299,"",1,"0","0","0",10,"0","0","","","","0"
300,Insta360 Ace Pro/Ace Pro 2 Vertical-Horizontal Frame*,INSTA360 ACCESSORIES,52,99,2,"","",47,DCP-300,"","0","0","0","0",8,"0","0","","","","0"
301,Insta360 Backpack Clip*,INSTA360 ACCESSORIES,65,99,2,"","",34,DCP-301,"","0","0","0","0",8,"0","0","","","","0"
302,Insta360 Bullet Time Bundle 2.0*,INSTA360 ACCESSORIES,165,299,1,"","",134,DCP-302,"",1,"0","0","0",8,"0","0","","","","0"
303,Insta360 FOMO Power Handle,INSTA360 ACCESSORIES,345,489,2,"","",144,DCP-303,"","0","0","0","0",10,"0","0","","","","0"
304,Insta360 X5 Invisible Dive Case,INSTA360 ACCESSORIES,345,489,1,"","",144,DCP-304,"",1,"0","0","0",10,"0","0","","","","0"
305,Insta360 X5 Invisible Dive Case*,INSTA360 ACCESSORIES,260,489,"0","","",229,DCP-305,"","0","0","0","0",8,"0","0","","","","0"
306,Insta360 Ace/Ace Pro/Ace Pro 2 Vertical-Horizontal Mount*,INSTA360 ACCESSORIES,65,99,"0","","",34,DCP-306,"","0","0","0","0",8,"0","0","","","","0"
307,Insta360 Ace Pro/Ace Pro 2 Vertical-Horizontal Frame,INSTA360 ACCESSORIES,64,99,3,"","",35,DCP-307,"","0","0","0","0",10,"0","0","","","","0"
308,Insta360 X5 Mic Adapter,INSTA360 ACCESSORIES,70,99,5,"","",29,DCP-308,"","0","0","0","0",10,"0","0","","","","0"