"#","Product","Category","Purchase Price","Sale Price","Stock","Description","Image","View","Edit","Delete"
"314","DJI PHANTOM 4 REMOTE CONTROLLER MAINBOARD","DJI","180.00","210.00","0","","","","",""
"313","DJI AVATA BOTTOM SHELL","DJI","130.00","130.00","0","","","","",""
"312","DJI AVATA MIDDLE SHELL","DJI","180.00","180.00","0","","","","",""
"311","DJI MAVIC AIR 3S FRONT LEFT ARM","DJI","220.00","320.00","2","","","","",""
"310","REPLACE DJI MAVIC AIR 3 BATTERY CELLS ( 4 MONTHS WARRANTY )","DJI","300.00","380.00","0","","","","",""
"309","REPLACE DJI MAVIC AIR 3 BATTERY CELLS ( HIGH CAPACITY ) ( 4 MONTHS WARRANTY )","DJI","470.00","550.00","0","","","","",""
"308","DJI MAVIC PRO REAR LEFT ARM","DJI","75.00","210.00","1","","","","",""
"307","DJI MINI 4 PRO GIMBAL RIGHT SIDE COVER","DJI","15.00","40.00","0","","","","",""
"306","DJI MINI 4 PRO GIMBAL LEFT SIDE COVER","DJI","15.00","40.00","2","","","","",""
"305","DJI MINI 4 PRO CAMERA HEAT SHINK","DJI","80.00","110.00","0","","","","",""
"304","DJI MINI 4 PRO GPS BOARD","DJI","0.00","380.00","4","","","","",""
"303","DJI AIR 3 TOP SHELL","DJI","90.00","120.00","1","","","","",""
"302","DJI AIR 3 REAR HINGE","DJI","20.00","80.00","8","","","","",""
"301","DJI FLIP GIMBAL CAMERA SENSOR","DJI","300.00","600.00","1","","","","",""
"300","DJI FLIP GIMBAL ARM","DJI","300.00","580.00","1","","","","",""
"299","DJI FLIP GIMBAL PTZ CABLE","DJI","100.00","220.00","1","","","","",""
"298","DJI FLIP GIMBAL RIBBON","DJI","50.00","180.00","0","","","","",""
"297","DJI FLIP REAR RIGHT ARM","DJI","130.00","250.00","3","","","","",""
"296","DJI FLIP REAR LEFT ARM","DJI","130.00","250.00","3","","","","",""
"295","DJI FLIP FRONT RIGHT ARM","DJI","130.00","250.00","3","","","","",""
"294","DJI FLIP FRONT LEFT ARM","DJI","130.00","250.00","3","","","","",""
"293","DJI MINI 2 MIDDLE SHELL*","DJI","70.00","240.00","5","","","","",""
"292","DJI PAHNTOM 4 MIDDLE SHELL","DJI","130.00","280.00","0","","","","",""
"291","REPLACE DJI MAVIC AIR 2 BATTERY CELLS ( HIGH CAPACITY ) ( 4 MONTHS WARRANTY )","DJI","300.00","400.00","0","","","","",""
"290","DJI MINI 3 ESC BOARD*","DJI","180.00","280.00","4","","","","",""
"289","DJI MINI 3 PRO 7 IN 1 RIBBON CABLE*","DJI","130.00","350.00","9","","","","",""
"288","DJI MAVIC MINI REAR LEFT ARM","DJI","80.00","180.00","2","","","","",""
"287","DJI MAVIC AIR 3 SERIES GIMBAL ABSORBING BOARD","DJI","100.00","170.00","0","","","","",""
"286","DJI AVATA 2 FRONT MOTOR","DJI","85.00","220.00","2","","","","",""
"285","DJI AVATA 2 REAR MOTOR","DJI","85.00","220.00","1","","","","",""
"284","DJI MAVIC 3 PRO FRONT LEFT ARM","DJI","130.00","390.00","2","","","","",""
"283","DJI NEO DOWNWARD SENSOR CABLE","DJI","0.00","100.00","0","","","","",""
"282","DJI MINI 4 PRO 6 IN 1 RIBBON","DJI","60.00","240.00","0","","","","",""
"281","DJI MAVIC PRO IMU BOARD","DJI","50.00","180.00","2","","","","",""
"280","DJI MAVIC PRO COMPASS BAORD","DJI","80.00","150.00","3","","","","",""
"279","DJI MAVIC AIR 2 TOP SHELL","DJI","55.00","90.00","7","","","","",""
"278","DJI MINI 3/3 PRO ROLL MOTOR COVER","DJI","20.00","30.00","9","","","","",""
"277","DJI MINI 4 PRO 3-PIN GIMBAL SIDE RUBBER","DJI","15.00","90.00","9","","","","",""
"276","DJI MINI 4 PRO 4-PIN GIMBAL SIDE RUBBER","DJI","15.00","90.00","15","","","","",""
"275","DJI MINI 4 PRO YAW MOTOR","DJI","120.00","380.00","34","","","","",""
"274","LALAMOVE","DJI","19.70","19.70","0","","","","",""
"273","DJI MAVIC 3 SERIES REAR LEFT ARM","DJI","200.00","380.00","2","","","","",""
"272","DJI MAVIC 2 PRO / ZOOM IMU BOARD","DJI","80.00","180.00","35","","","","",""
"271","DJI MAVIC AIR 2 FRONT SENSOR MODULE","DJI","150.00","250.00","7","","","","",""
"270","DJI MAVIC 2 PRO / ZOOM FRONT SENSOR MODULE","DJI","100.00","250.00","1","","","","",""
"269","DJI MAVIC MINI ESC BOARD","DJI","100.00","270.00","13","","","","",""
"268","DJI MAVIC AIR 2/2S ESC BOARD","DJI","180.00","280.00","2","","","","",""
"267","DJI MAVIC AIR 2 GPS BOARD","DJI","80.00","350.00","3","","","","",""
"266","DJI MAVIC 2 PRO CAMERA SENSOR","DJI","60.00","650.00","1","","","","",""
"265","DJI MAVIC AIR 2S GPS CABLE","DJI","20.00","150.00","1","","","","",""
"264","DJI MAVIC MINI FRONT RIGHT ARM","DJI","85.00","190.00","5","","","","",""
"263","DJI MAVIC 3 SERIES FRONT RIGHT ARM","DJI","130.00","390.00","1","","","","",""
"262","DJI MAVIC 2 PRO / ZOOM LANDING GEAR","DJI","20.00","60.00","0","","","","",""
"261","DJI MAVIC 2 PRO/ZOOM FRONT HINGE","DJI","20.00","60.00","3","","","","",""
"260","DJI MAVIC 2 PRO/ZOOM REAR RIGHT ARM","DJI","210.00","290.00","0","","","","",""
"259","DJI PHANTOM 4 PRO COMPASS 2 CONNECTOR","DJI","0.00","180.00","0","","","","",""
"258","DJI PHANTOM 4 PRO ESC BOARD MODULE LEFT","DJI","200.00","550.00","0","","","","",""
"257","DJI MAVIC AIR 2S NEW GIMBAL ARM SET","DJI","1,700.00","1,800.00","0","","","","",""
"256","DJI MAVIC AIR 2S FRONT AND TOP SENSOR MODULE","DJI","320.00","380.00","1","","","","",""
"255","DJI PHANTOM 4 PRO V2 LANDING GEAR ( LEFT )","DJI","50.00","240.00","0","","","","",""
"254","DJI PHANTOM 4 PRO V2 LANDING GEAR ( RIGHT )","DJI","50.00","100.00","0","","","","",""
"253","DJI PAHNTOM 4 PRO V2 MIDDLE SHELL","DJI","130.00","280.00","1","","","","",""
"252","DJI PAHNTOM 4 TOP SHELL","DJI","107.00","150.00","0","","","","",""
"251","DJI MINI 4 PRO GIMBAL CAMERA LENS COVER","DJI","30.00","50.00","16","","","","",""
"250","MINI 4 PRO GIMBAL YAW MOTOR COVER","DJI","20.00","30.00","8","","","","",""
"249","DJI MINI 4 PRO TOP SHELL","DJI","60.00","100.00","3","","","","",""
"248","DJI MINI 4 PRO MIDDLE SHELL","DJI","60.00","230.00","0","","","","",""
"247","DJI MAVIC PRO FRONT RIGHT ARM","DJI","85.00","230.00","8","","","","",""
"246","DJI MAVIC PRO FRONT LEFT ARM","DJI","85.00","230.00","9","","","","",""
"245","DJI MINI 3 PROPELLER","ACCESSORIES","0.00","20.00","0","","","","",""
"244","DJI MAVIC PRO ESC BOARD","DJI","100.00","650.00","0","","","","",""
"243","DJI MAVIC 3 SERIES ESC BOARD","DJI","310.00","480.00","1","","","","",""
"242","DJI MINI 4K PTZ CABLE","DJI","0.00","180.00","0","","","","",""
"241","DJI AIR 2 BOTTOM COVER","DJI","100.00","180.00","2","","","","",""
"240","DJI MAVIC 2 BAG","DJI","0.00","80.00","8","","","","",""
"239","DJI MINI 4 PRO ESC BOARD","DJI","200.00","320.00","7","","","","",""
"238","WORKMANSHIP, RECALIBRATE VISION SENSOR, IMU, CHECK, AND TEST","DJI","0.00","100.00","0","","","","",""
"237","DJI MAVIC MINI, MINI SE , MINI 2 & MINI 2SE GIMBAL SIDE RUBBER","DJI","0.00","10.00","0","","","","",""
"236","DJI NEO MAIN BOARD, DOWNWARD SENSOR & GIMBAL CAMERA","DJI","200.00","400.00","0","","","","",""
"235","DJI NEO GIMBAL REALIGNMENT & WORKMANSHIP","DJI","0.00","100.00","0","","","","",""
"234","REPAIR DJI REMOTE RC - N1","DJI","50.00","180.00","0","","","","",""
"233","DJI MAVIC 3 FRONT HINGE","DJI","30.00","90.00","0","","","","",""
"232","DJI MAVIC 3 FRONT LEFT ARM","DJI","130.00","390.00","2","","","","",""
"231","DJI MAVIC 2 CONTROLLER CHARGING BOARD","DJI","50.00","180.00","0","","","","",""
"230","DJI MAVIC AIR 3/3S REAR LEFT ARM","DJI","150.00","320.00","4","","","","",""
"229","DJI MAVIC 3 MIDDLE SHELL","DJI","120.00","450.00","0","","","","",""
"228","DJI MAVIC AIR REAR LEFT ARM","DJI","80.00","180.00","9","","","","",""
"227","DJI MAVIC AIR 2/2S REAR SENSOR MODULE","DJI","110.00","380.00","1","","","","",""
"226","DJI MAVIC 3 CLASSIC REPLACE 360 OBSTACLE SENSOR MODULE","DJI","1,800.00","1,800.00","0","","","","",""
"225","DJI MAVIC 3 CLASSIC FRONT LEFT ARM","DJI","130.00","390.00","1","","","","",""
"224","DJI MAVIC PRO CONTROLLER CHARGING BOARD","DJI","50.00","180.00","0","","","","",""
"223","DJI MINI 4 PRO GIMBAL ROLL MOTOR COVER","DJI","20.00","30.00","5","","","","",""
"222","DJI MAVIC PRO GIMBAL BOARD","DJI","160.00","350.00","1","","","","",""
"221","REPLACE POWER BUTTON","DJI","20.00","80.00","0","","","","",""
"220","DJI MINI 4 PRO OBSTACLE SENSOR","DJI","1,000.00","1,200.00","0","","","","",""
"219","DJI MINI 3 PRO FRONT SENSOR COVER","DJI","30.00","80.00","1","","","","",""
"218","REPLACE DJI SPARK BATTERY HIGH CAPACITY ( 4 MONTHS WARRANTY )","DJI","130.00","210.00","0","","","","",""
"217","DJI MAVIC MINI CONTROLLER BATTERY","DJI","30.00","150.00","6","","","","",""
"216","DJI MAVIC AIR 2S BOTTOM SHELL","DJI","100.00","180.00","0","","","","",""
"215","DJI MAVIC AIR 2S PTZ CABLE","DJI","60.00","280.00","9","","","","",""
"214","DJI MAVIC PRO COOLING FAN","DJI","50.00","120.00","0","","","","",""
"213","DJI MINI 4 PRO GPS CABLE","DJI","30.00","140.00","1","","","","",""
"212","DJI MINI 3/3 PRO YAW MOTOR COVER","DJI","20.00","30.00","10","","","","",""
"211","DJI MINI 3 YAW MOTOR FRAME","DJI","0.00","50.00","0","","","","",""
"210","DJI MAVIC MINI FRONT LEFT ARM","DJI","85.00","190.00","3","","","","",""
"209","DJI MAVIC AIR 2S FRONT LANDING GEAR","DJI","10.00","90.00","6","","","","",""
"208","DJI MAVIC AIR 2S PITCH HOLDER","DJI","0.00","80.00","9","","","","",""
"207","DJI AIR 2/2S GIMBAL RIBBON CABLE","DJI","10.00","120.00","9","","","","",""
"206","DJI MAVIC PRO FRONT SENSOR MODULE","DJI","50.00","220.00","0","","","","",""
"205","DJI MAVIC 2 PRO FRONT SENSOR","DJI","50.00","350.00","0","","","","",""
"204","DJI MAVIC 2 PRO FRONT LEFT ARM","DJI","200.00","250.00","0","","","","",""
"203","DJI MAVIC AIR COOLING FAN","DJI","20.00","110.00","0","","","","",""
"202","DJI MINI 4 PRO YAW ARM WITH ROLL MOTOR","DJI","170.00","430.00","12","","","","",""
"201","DJI SPARK MOTOR","DJI","50.00","130.00","9","","","","",""
"200","DJI MAVIC PRO GIMBAL COVER","DJI","10.00","30.00","0","","","","",""
"199","DJI MAVIC PRO FRONT LANDING GEAR","DJI","20.00","60.00","0","","","","",""
"198","DJI MINI 4 PRO OBSSTACLE SENSOR MODULE WITH MAINBOARD","DJI","1,500.00","1,800.00","0","","","","",""
"197","DJI SPARK POWER BOARD","DJI","0.00","80.00","0","","","","",""
"196","DJI MAVIC PRO MIDDLE SHELL","DJI","100.00","250.00","0","","","","",""
"195","DJI GIMBAL ARM ADJUSTMENT","DJI","0.00","150.00","0","","","","",""
"194","DJI MINI 4 PRO REAR LEFT ARM","DJI","120.00","240.00","3","","","","",""
"193","REPLACE DJI TELLO MOTOR","DJI","20.00","80.00","17","","","","",""
"192","DJI MAVIC 2 ZOOM ESC BOARD","DJI","250.00","350.00","0","","","","",""
"191","DJI MAVIC MINI / MINI SE / MINI 2 GIMBAL COVER","DJI","5.00","10.00","0","","","","",""
"190","REPLACE DJI MINI 2 BATTERY CELLS ( 4 MONTHS WARRANTY )","DJI","90.00","160.00","0","","","","",""
"189","DJI MAVIC 2 PRO GIMBAL YAW MOTOR","DJI","30.00","450.00","0","","","","",""
"188","DJI AIR 3 YAW ARM","DJI","105.00","280.00","0","","","","",""
"187","DJI AIR 3 C ARM","DJI","105.00","310.00","0","","","","",""
"186","DJI AIR 3 IMU","DJI","55.00","130.00","0","","","","",""
"185","DJI AIR 3 GPS BOARD","DJI","240.00","380.00","0","","","","",""
"184","DJI AIR 3 ESC BOARD","DJI","225.00","390.00","1","","","","",""
"183","DJI AIR 3 / 3S POWER CABLE","DJI","25.00","90.00","0","","","","",""
"182","DJI MAVIC AIR 2 FRONT RIGHT ARM","DJI","120.00","250.00","1","","","","",""
"181","DJI MAVIC AIR 2 / 2S COOLING FAN","DJI","80.00","130.00","1","","","","",""
"180","DJI MAVIC 3 SERIES REAR RIGHT ARM","DJI","200.00","380.00","3","","","","",""
"179","DJI MAVIC 3 PRO REAR LEFT ARM","DJI","200.00","350.00","0","","","","",""
"178","DJI AIR 3 REAR RIGHT ARM","DJI","170.00","320.00","3","","","","",""
"177","DJI AIR 3 REAR LEFT ARM","DJI","170.00","320.00","0","","","","",""
"176","DJI AIR 3 FRONT RIGHT ARM","DJI","190.00","330.00","2","","","","",""
"175","DJI AIR 3 FRONT LEFT ARM","DJI","190.00","330.00","4","","","","",""
"174","DJI MAVIC AIR 3 / 3S PTZ CABLE","DJI","34.00","380.00","0","","","","",""
"173","DJI MAVIC AIR GIMBAL ARM WITH PTZ CABLE","DJI","0.00","350.00","0","","","","",""
"172","DJI MAVIC AIR FRONT RIGHT ARM","DJI","85.00","150.00","0","","","","",""
"171","DJI MAVIC AIR FRONT LEFT ARM","DJI","85.00","150.00","0","","","","",""
"170","DJI MAVIC AIR 2/2S HINGE COVER","DJI","10.00","70.00","12","","","","",""
"169","DJI MAVIC AIR 2 REAR LEFT ARM","DJI","90.00","220.00","2","","","","",""
"168","DJI PHANTOM 4 PRO GIMBAL YAW ARM","DJI","50.00","180.00","0","","","","",""
"167","DJI PHANTOM 4 PRO V2.0 GIMBAL RIBBON CABLE","DJI","120.00","280.00","0","","","","",""
"166","REPLACE DJI MAVIC AIR BATTERY CELLS ( 4 MONTHS WARRANTY )","DJI","150.00","230.00","0","","","","",""
"165","DJI MAVIC PRO GIMBAL ABSORBING BAORD","DJI","40.00","80.00","0","","","","",""
"164","DJI MAVIC AIR 2S REAR LEFT ARM","DJI","100.00","220.00","2","","","","",""
"163","REPLACE SMART CONTROLLER BATTERIES","DJI","350.00","380.00","0","","","","",""
"162","DJI NEO CAMERA SENSOR","DJI","50.00","100.00","0","","","","",""
"161","DJI PHANTOM 4 GIMBAL CAMERA","DJI","300.00","500.00","0","","","","",""
"160","DJI MAVIC 2 CONTROLLER BATTERY","DJI","30.00","180.00","0","","","","",""
"159","DJI MINI 2 GIMBAL ARM WITH PTZ CABLE","DJI","250.00","450.00","0","","","","",""
"158","DJI NEO MOTOR","DJI","0.00","25.00","6","","","","",""
"157","DJI NEO MIDDLE SHELL","DJI","200.00","300.00","4","","","","",""
"156","DJI NEO GIMBAL BRACKET","DJI","0.00","180.00","0","","","","",""
"155","DJI NEO GIMBAL RIBBON CABLE","DJI","160.00","280.00","8","","","","",""
"154","DJI MAVIC AIR 2S FRONT SENSOR COVER","DJI","10.00","40.00","1","","","","",""
"153","CANCEL ORDER","DELIVERY","0.00","0.00","995","","","","",""
"152","MAVIC 2 ZOOM GIMBAL ARM","DJI","400.00","750.00","0","","","","",""
"151","INSTA360 ONE RS CHARGING COVER","INSTA360","0.00","80.00","0","","","","",""
"150","DJI MAVIC 2 ZOOM CAMERA SENSOR","DJI","0.00","550.00","0","","","","",""
"149","DJI MAVIC 2 PRO/ZOOM GIMBAL MOUNT COVER","DJI","10.00","20.00","0","","","","",""
"148","DJI MINI 4 PRO POWER CABLE","DJI","30.00","150.00","0","","","","",""
"147","DJI MAVIC 2 PRO GIMBAL ARM WITH CAMERA SENSOR","DJI","0.00","950.00","0","","","","",""
"146","DJI MAVIC 2 PRO GIMBAL BOARD","DJI","0.00","450.00","0","","","","",""
"145","DJI RC-N1 CONTROLLER GIMBAL BOARD","DJI","10.00","50.00","0","","","","",""
"144","DJI MAVIC PRO FRONT HINGE","DJI","15.00","70.00","8","","","","",""
"143","DJI PHANTOM 4 PRO POWER BOARD","DJI","300.00","550.00","0","","","","",""
"142","DJI MAVIC MINI MIDDLE SHELL","DJI","35.00","230.00","8","","","","",""
"141","DJI MINI 4 PRO PITCH MOTOR","DJI","120.00","380.00","10","","","","",""
"140","DJI MINI SE/2 SE/4K MIDDLE SHELL","DJI","60.00","240.00","3","","","","",""
"139","DJI MAVIC AIR 3 FRONT LANDING GEAR","DJI","40.00","60.00","0","","","","",""
"138","DJI MAVIC MINI PTZ CABLE","DJI","10.00","190.00","0","","","","",""
"137","DJI MAVIC MINI GIMBAL RIBBON","DJI","50.00","180.00","1","","","","",""
"136","DJI AIR 3 GIMBAL RIBBON","DJI","50.00","120.00","0","","","","",""
"135","DJI MAVIC AIR 2 FRONT LEFT ARM","DJI","120.00","250.00","0","","","","",""
"134","REPAIR DJI MAVIC PRO MAINBOARD","DJI","100.00","700.00","0","","","","",""
"133","DJI MAVIC 3 FRONT LANDING GEAR","DJI","20.00","90.00","1","","","","",""
"132","DJI MAVIC AIR 2 YAW MOTOR COVER","DJI","0.00","20.00","0","","","","",""
"131","DJI MAVIC AIR 2/2S FRONT HINGE","DJI","15.00","40.00","4","","","","",""
"130","DJI MAVIC AIR 2 REAR RIGHT ARM","DJI","90.00","220.00","3","","","","",""
"129","DJI FLIP HINGE","DJI","30.00","90.00","48","","","","",""
"128","DJI MAVIC AIR 2S GIMBAL PITCH MOTOR","DJI","100.00","350.00","0","","","","",""
"127","REPAIR DJI RC-N1 CONTROLLER BOARD","DJI","50.00","180.00","0","","","","",""
"126","DJI PHANTOM 4 GIMBAL YAW MOTOR","DJI","95.00","350.00","0","","","","",""
"125","REPLACE DJI MINI 2 BATTERY CELLS ( HIGH CAPACITY ) ( 4 MONTHS WARRANTY )","DJI","130.00","200.00","0","","","","",""
"124","REPLACE DJI MAVIC AIR BATTERY CELLS ( HIGH CAPACITY ) ( 4 MONTHS WARRANTY )","DJI","180.00","280.00","0","","","","",""
"123","DJI NEO CAMERA GLASS","DJI","0.00","50.00","0","","","","",""
"122","DJI MAVIC PRO REAR HINGE","DJI","10.00","80.00","0","","","","",""
"121","DJI MAVIC 2 PRO/ZOOM TOP SHELL","DJI","20.00","90.00","0","","","","",""
"120","REPLACE DJI MAVIC PRO BATTERY CELLS ( 4 MONTHS WARRANTY )","DJI","170.00","250.00","0","","","","",""
"119","DJI MAVIC AIR FRONT CAMERA GLASS","DJI","0.00","50.00","0","","","","",""
"118","DJI MAVIC PRO CAMERA SENSOR","DJI","100.00","450.00","0","","","","",""
"117","DJI MAVIC PRO GIMBAL ARM","DJI","180.00","380.00","6","","","","",""
"116","DJI MAVIC AIR 2S FRONT RIGHT ARM","DJI","105.00","230.00","2","","","","",""
"115","DJI MAVIC AIR 2S GIMBAL ARM","DJI","450.00","710.00","0","","","","",""
"114","REPLACE DJI PHANTOM 4 PRO BATTERY CELLS ( 4 MONTHS WARRANTY )","DJI","300.00","350.00","0","","","","",""
"113","REPLACE DJI MAVIC 2 PRO/ZOOM BATTERY CELLS ( 4 MONTHS WARRANTY )","DJI","220.00","300.00","0","","","","",""
"112","DJI MAVIC 2 PRO/ZOOM REAR LEFT ARM","DJI","50.00","280.00","1","","","","",""
"111","DJI MAVIC 2 PRO/ZOOM FRONT SENSOR COVER","DJI","10.00","30.00","0","","","","",""
"110","DJI MAVIC 2 PRO/ZOOM FRONT SENSOR","DJI","100.00","280.00","0","","","","",""
"109","DJI RC-N1 CONTROLLER JOY STICK","DJI","0.00","50.00","0","","","","",""
"108","REPLACE DJI MAVIC AIR 2 BATTERY CELLS ( 4 MONTHS WARANTY )","DJI","180.00","210.00","0","","","","",""
"107","DJI MAVIC AIR 2/2S REAR HINGE","DJI","20.00","80.00","3","","","","",""
"106","DJI MAVIC AIR 2 PTZ CABLE","DJI","50.00","230.00","1","","","","",""
"105","DJI MAVIC AIR 2 GIMBAL ARM","DJI","300.00","680.00","0","","","","",""
"104","WORKMANSHIP, CHECK, TEST AND CALIBRATION","DJI","0.00","100.00","52","","","","",""
"103","REPLACE INSTA360 X4 BOTH SIDE LENS","INSTA360","160.00","900.00","0","","","","",""
"102","DJI MINI 4 PRO FRONT LEFT ARM","DJI","140.00","260.00","3","","","","",""
"101","DJI MAVIC 2 ZOOM GIMBAL ROLL ARM","DJI","80.00","220.00","0","","","","",""
"100","DJI AVATA 2 MIDDLE SHELL","DJI","250.00","350.00","0","","","","",""
"99","DJI MAVIC 2 SEIRES MIDDLE SHELL","DJI","100.00","250.00","2","","","","",""
"98","DJI MAVIC 2 SERIES FRONT RIGHT ARM","DJI","200.00","300.00","0","","","","",""
"97","DJI GIMBAL AND SOFTWARE CALIBRATION","DJI","80.00","180.00","0","","","","",""
"96","REPLACE INSTA360 X4 ONE SIDE LENS","INSTA360","110.00","480.00","9","","","","",""
"95","DJI MAVIC PRO GIMBAL RIBBON","DJI","50.00","180.00","13","","","","",""
"94","DJI MAIVC 2 CONTROLLER MAINBOARD","DJI","50.00","180.00","0","","","","",""
"93","DJI MAVIC PRO FIX ESC ERROR","DJI","0.00","80.00","0","","","","",""
"92","DJI MINI 4 PRO REAR RIGHT ARM","DJI","120.00","240.00","3","","","","",""
"91","DJI MAVIC AIR 2S FRONT LEFT ARM","DJI","95.00","220.00","5","","","","",""
"90","DJI RC-N1 CONTROLLER BATTERY","DJI","50.00","150.00","0","","","","",""
"89","REPLACE INSTA360 X2 ONE SIDE LENS","INSTA360","85.00","250.00","4","","","","",""
"88","REPLACE INSTA360 X3 BOTH SIDE LENS","INSTA360","122.00","530.00","0","","","","",""
"87","POSTAGE TO EM","DJI","17.80","30.00","7","","","","",""
"86","POSTAGE WITH INSURANCE TO EM","DJI","17.80","50.00","9","","","","",""
"85","REPLACE INSTA360 X3 ONE SIDE LENS","DJI","61.00","300.00","7","","","","",""
"84","REPAIR GIMBAL ARM BRACKET","DJI","0.00","80.00","9","","","","",""
"83","DJI MINI 4K FRONT LEFT ARM","DJI","85.00","190.00","4","","","","",""
"82","REPAIR LENS BRACKET","INSTA360","0.00","80.00","0","","","","",""
"81","INSTA360 X2 LENS GUARD ( OEM )","INSTA360","25.00","50.00","0","","","","",""
"80","REPLACE INSTA360 X2 BOTH SIDE LENS","DJI","170.00","400.00","0","","","","",""
"79","WATER DAMAGE CLEANING, CHECKING AND TEST","DJI","0.00","150.00","12","","","","",""
"78","DJI MAVIC MINI REAR RIGHT ARM","DJI","80.00","180.00","7","","","","",""
"77","DJI MAVIC AIR 2S CAMERA SENSOR","DJI","100.00","700.00","0","","","","",""
"76","DJI MAVIC PRO / PLATINUM PTZ CABLE","DJI","60.00","280.00","14","","","","",""
"75","DJI MAVIC AIR 2S REAR RIGHT ARM","DJI","95.00","220.00","0","WARRANTY 1 MONTH","","","",""
"74","DJI MINI 2/2 SE PROPELLER SET","DJI","0.00","50.00","36","","","","",""
"73","DJI MINI 4 PRO GIMBAL AXIS BEARING","DJI","50.00","180.00","10","","","","",""
"72","DJI MINI 4 PRO FRONT RIGHT ARM","DJI","140.00","260.00","7","WARRANTY 1 MONTH","","","",""
"71","DJI MAVIC AIR 2/2S MIDDLE SHELL","DJI","80.00","270.00","4","","","","",""
"70","POSTAGE WITH INSURANCE","DJI","5.59","30.00","17","","","","",""
"69","POSTAGE","DJI","5.59","10.00","43","","","","",""
"68","DJI RC CONTROLLER GPS MODULE","DJI","300.00","350.00","0","","","","",""
"67","DJI MINI 3/3 PRO CAMERA FRONT GLASS","DJI","20.00","50.00","0","","","","",""
"66","DJI MINI 3/3 PRO CAMERA FRONT FRAME","DJI","30.00","50.00","15","","","","",""
"65","DJI MINI 3 DOWNWARD SENSOR MODULE","DJI","200.00","390.00","1","WARRANTY 1 MONTH","","","",""
"64","DJI MINI 3 PRO DOWNWARD SENSOR MODULE","DJI","200.00","390.00","1","WARRANTY 1 MONTH","","","",""
"63","DJI MINI 3 PRO FRONT AND REAR SENSOR MODULE","DJI","350.00","490.00","6","WARRANTY 1 MONTH","","","",""
"62","DJI MINI 3/3 PRO GPS BOARD","DJI","250.00","380.00","1","WARRANTY 1 MONTH","","","",""
"61","DJI MINI 3/3 PRO ESC BOARD","DJI","130.00","280.00","3","WARRANTY 1 MONTH","","","",""
"60","DJI MINI 3 PRO CAMERA HEAT SHINK","DJI","30.00","80.00","1","","","","",""
"59","DJI MINI 3 CAMERA HEAT SHINK","DJI","30.00","80.00","0","","","","",""
"58","DJI MINI 3/3 PRO CAMERA CASE WITH GLASS","DJI","80.00","140.00","0","","","","",""
"57","DJI MINI 3/3 PRO GIMBAL AXIS BEARING","DJI","50.00","250.00","19","","","","",""
"56","DJI MINI 3 PRO YAW MOTOR","DJI","120.00","380.00","0","WARRANTY 1 MONTH","","","",""
"55","DJI MINI 3 YAW MOTOR","DJI","120.00","380.00","2","WARRANTY 1 MONTH","","","",""
"54","DJI MINI 3/3 PRO PITCH MOTOR","DJI","120.00","380.00","1","WARRANTY 1 MONTH","","","",""
"53","DJI MINI 3/3 PRO 4-PIN GIMBAL SIDE RUBBER","DJI","15.00","90.00","61","","","","",""
"52","DJI MINI 3/4 PRO 3-PIN GIMBAL SIDE RUBBER","DJI","15.00","40.00","96","","","","",""
"51","GIMBAL PITCH MOTOR COVER","DJI","25.00","35.00","15","","","","",""
"50","DJI MINI 3/3 PRO ROLL ARM COVER","DJI","25.00","35.00","5","","","","",""
"49","DJI MINI 3/3 PRO YAW ARM COVER","DJI","25.00","35.00","4","","","","",""
"48","DJI MINI 3/3 PRO GIMBAL YAW ARM WITH ROLL MOTOR","DJI","170.00","440.00","6","WARRANTY 1 MONTH","","","",""
"47","DJI MINI 3/4 PRO GIMBAL ROLL ARM","DJI","110.00","340.00","18","","","","",""
"46","DJI MINI 3 POWER CABLE","DJI","50.00","150.00","3","WARRANTY 1 MONTH","","","",""
"45","DJI MINI 3 PRO POWER CABLE","DJI","50.00","150.00","1","WARRANTY 1 MONTH","","","",""
"44","DJI MINI 3/3 PRO GPS CABLE","DJI","30.00","150.00","5","WARRANTY 1 MONTH","","","",""
"43","DJI MINI 3 2 IN 1 RIBBON CABLE","DJI","50.00","190.00","2","WARRANTY 1 MONTH","","","",""
"42","DJI MINI 3 PRO 7 IN 1 RIBBON CABLE","DJI","170.00","350.00","0","WARRANTY 1 MONTH","","","",""
"41","DJI MINI 3/4 PRO PTZ CABLE","DJI","110.00","350.00","24","WARRANTY 1 MONTH","","","",""
"40","DJI MINI 3/3 PRO REAR HINGE","DJI","20.00","100.00","34","","","","",""
"39","DJI MINI 3/MINI 4 SERIES FRONT HINGE","DJI","25.00","90.00","33","","","","",""
"38","DJI MINI 3 PRO RIGHT SIDE GIMBAL COVER","DJI","10.00","30.00","16","","","","",""
"37","DJI MINI 3 PRO LEFT SIDE GIMBAL COVER","DJI","10.00","30.00","12","","","","",""
"36","DJI MINI 3 RIGHT SIDE GIMBAL COVER","DJI","10.00","30.00","4","","","","",""
"35","DJI MINI 3 LEFT SIDE GIMBAL COVER","DJI","10.00","30.00","1","","","","",""
"34","DJI MINI 3 BOTTOM COVER","DJI","40.00","110.00","2","","","","",""
"33","DJI MINI 3 PRO BOTTOM COVER","DJI","40.00","110.00","0","","","","",""
"32","DJI MINI 3 MIDDLE SHELL","DJI","35.00","250.00","4","","","","",""
"31","DJI MINI 3 PRO MIDDLE SHELL","DJI","50.00","250.00","2","","","","",""
"30","DJI MINI 3 TOP SHELL","DJI","70.00","100.00","5","","","","",""
"29","DJI MINI 3 PRO TOP SHELL","DJI","40.00","100.00","4","","","","",""
"28","DJI MINI 3 REAR RIGHT ARM","DJI","110.00","230.00","4","WARRANTY 1 MONTH","","","",""
"27","DJI MINI 3 REAR LEFT ARM","DJI","90.00","230.00","7","WARRANTY 1 MONTH","","","",""
"26","DJI MINI 3 FRONT RIGHT ARM","DJI","120.00","240.00","3","WARRANTY 1 MONTH","","","",""
"25","DJI MINI 3 FRONT LEFT ARM","DJI","120.00","240.00","5","WARRANTY 1 MONTH","","","",""
"24","DJI MINI 3 PRO REAR RIGHT ARM","DJI","110.00","230.00","8","WARRANTY 1 MONTH","","","",""
"23","DJI MINI 3 PRO REAR LEFT ARM","DJI","110.00","230.00","9","","","","",""
"22","DJI MINI 3 PRO FRONT RIGHT ARM","DJI","130.00","240.00","9","WARRANTY 1 MONTH","","","",""
"21","DJI MINI 3 PRO FRONT LEFT ARM","DJI","130.00","240.00","8","WARRANTY 1 MONTH","","","",""
"20","DJI MINI 2 / 4K GIMBAL CAMERA GLASS","DJI","0.00","30.00","15","","","","",""
"19","DJI MAVIC MINI/MINI 2 SERIES PTZ CABLE","DJI","40.00","220.00","12","WARRANTY 1 MONTH","","","",""
"18","DJI MAVIC MINI/MINI 2 SERIES PTZ CABLE*","DJI","40.00","220.00","6","WARRANTY 1 MONTH","","","",""
"17","DJI MAVIC MINI/MINI 2 SERIES REAR HINGE","DJI","10.00","40.00","16","","","","",""
"16","DJI MAVIC MINI/MINI 2 SERIES FRONT HINGE","DJI","10.00","30.00","17","","","","",""
"15","DJI MAVIC MINI/MINI 2 SERIES COMPASS BOARD","DJI","180.00","320.00","12","WARRANTY 1 MONTH","","","",""
"14","DJI MINI 2/2 SE/SE ESC BOARD","DJI","100.00","270.00","2","WARRANTY 1 MONTH","","","",""
"13","DJI MAVIC MINI/MINI 2 SERIES POWER CABLE","DJI","20.00","70.00","17","WARRANTY 1 MONTH","","","",""
"12","DJI MINI 2/2 SE/SE SERIES HEATSINK","DJI","0.00","20.00","7","","","","",""
"11","DJI MAVIC MINI/MINI 2 SERIES BACK BATTERY COVER","DJI","12.00","25.00","3","","","","",""
"10","DJI MAVIC MINI/MINI 2 SERIES TOP SHELL","DJI","35.00","90.00","0","","","","",""
"9","DJI MINI 2 MIDDLE SHELL","DJI","0.00","240.00","0","","","","",""
"8","DJI MAVIC MINI/MINI 2 SERIES BOTTOM COVER","DJI","30.00","80.00","23","","","","",""
"7","DJI MINI 2/2 SE/SE REAR RIGHT ARM","DJI","80.00","180.00","3","WARRANTY 1 MONTH","","","",""
"6","DJI MINI 2/2 SE/SE/4K REAR LEFT ARM","DJI","80.00","180.00","7","WARRANTY 1 MONTH","","","",""
"5","DJI MINI 2 SE FRONT LEFT ARM","DJI","85.00","190.00","2","WARRANTY 1 MONTH","","","",""
"4","DJI MINI 2/2 SE/SE/4K GIMBAL RIBBON","DJI","60.00","180.00","12","WARRANTY 1 MONTH","","","",""
"3","DJI MAVIC MINI/MINI 2 SERIES GIMBAL ARM","DJI","400.00","580.00","4","WARRANTY 1 MONTH","","","",""
"2","DJI MINI 2/2 SE/SE/4K FRONT RIGHT ARM","DJI","85.00","190.00","4","WARRANTY 1 MONTH","","","",""
"1","DJI MINI 2 FRONT LEFT ARM","DJI","85.00","190.00","8","WARRANTY 1 MONTH","","","",""